Food,Power,Precision,Toughness,Vitality,Ferocity,ConditionDamage,Expertise,Concentration,HealingPower
Rice Ball,20,,,,,,,,
Grilled Steak,20,,,,,,,,
Eda's Apple Pie,20,,,,,,,,
Pickled Wurm Egg,20,,,,,,,,
Bowl of Cold Wurm Stew,12,,,,,,,,
Spicy Flank Steak,20,,,,,,,,
Bowl of Sharkfin Soup,12,,,,,,,,
Bowl of Watery Mushroom Soup,20,,,,,,,,
Warden Ration,20,,,,,,,,
Roasted Meaty Sandwich,20,,,,,,,,
Pepper Steak,30,,,,,,,,
Stick of Mystery Meat,30,,,,,,,,
Blessing Of Bear,20,,,,,,,,
Drottot's Poached Egg,20,,,,,,,,
Plate of Jerk Poultry,150,,,,,,,,
Filet of Sesame-Roasted Meat,50,40,,,,,,,
Griffon Egg Omelet,60,50,,,,,,,
Plate of Coriander Crusted Meat,60,50,,,,,,,
Plate of Steak and Asparagus,80,60,,,,,,,
Can of Steak and Asparagus,80,60,,,,,,,
Plate of Truffle Steak,100,70,,,,,,,
Steak with Winterberry Sauce,100,70,,,,,,,
Spicy Marinated Mushroom,100,,70,,,,,,
Crunchy Grasshopper,100,,,70,,,,,
Filet of Rosemary-Roasted Meat,50,,,40,,,,,
Plate of Roast Meat with Mint Sauce,60,,,50,,,,,
Can of Roasted Meat with Braised Leeks,80,,,60,,,,,
Plate of Roast Meat with Braised Leeks,80,,,60,,,,,
Plate of Orrian Steak Frittes,100,,,70,,,,,
Spicy Lime Steak,50,,,,,40,,,
Plate of Citrus Clove Meat,60,,,,,50,,,
Spicier Flank Steak,80,,,,,60,,,
Canned Spicier Flank Steak,80,,,,,60,,,
Plate of Fire Flank Steak,100,,,,,70,,,
Bowl of Marjory's Experimental Chili,50,,,,,,,,
Avocado Smoothie,80,,,,60,,,,
Bowl of Sweet and Spicy Butternut Squash Soup,100,,,,70,,,,
Plate of Spicy Moa Wings,100,,,,70,,,,
Bowl of Passion Fruit Tapioca Pudding,100,,,,,,,,70
Kodan Incense,,20,,,,,,,
Bowl of Vegetable Stock,,20,,,,,,,
Bowl of Simple Vegetable Soup,,20,,,,,,,
Bowl of Tomato Soup,,30,,,,,,,
Bowl of Ice Wurm Bisque,,30,,,,,,,
Bowl of Beet and Bean Stew,,30,,,,,,,
Bowl of Sawgill Mushroom Risotto,,150,,,,,,,
Bowl of Herbed Vegetable Stock,,50,,40,,,,,
Bowl of Kale Soup,,50,,40,,,,,
Bowl of Chickpea Soup,,60,,50,,,,,
Slice of Ice Worm Sashimi,,80,,60,,,,,
Can of Artichoke Soup,,80,,60,,,,,
Bowl of Artichoke Soup,,80,,60,,,,,
Bowl of Curry Pumpkin Soup,,100,,70,,,,,
Bowl of Yam Soup,,50,,,,40,,,
Bowl of Pumpkin Bisque,,60,,,,50,,,
Bowl of Potato and Leek Soup,,80,,,,60,,,
Can of Potato and Leek Soup,,80,,,,60,,,
Bowl of Fancy Potato and Leek Soup,,100,,,,70,,,
Bowl of Skalefin Soup,,50,,,40,,,,
Bowl of Tomato Zucchini Soup,,50,,,40,,,,
Bowl of Cauliflower Soup,,60,,,50,,,,
Minotaur Steak,,60,,,50,,,,
Bowl of Butternut Squash Soup,,80,,,60,,,,
Can of Butternut Squash Soup,,80,,,60,,,,
Bowl of Curry Butternut Squash Soup,,100,,,70,,,,
Poached Salmon Filet,,,20,,,,,,
Blueberry Muffin,,,20,,,,,,
Blackened Fish Steak,,,30,,,,,,
Passion Fruit Soufflé,,,20,,,,,,
Plate of Pasta with Tomato Sauce,,,20,,,,,,
Meatball,,,30,,,,,,
Meatball Dinner,,,30,,,,,,
Bowl of Grilled Bananas with Passion Fruit Sauce,,,30,,,,,,
Plate of Spicy Herbed Chicken,70,,100,,,,,,
Boiled Crawdad,,40,50,,,,,,
Bowl of Gladiator Gruel,,40,50,,,,,,
Bowl of Krytan Meatball Dinner,,40,50,,,,,,
Blessing of Azantil,,50,60,,,,,,
Bowl of Pesto Pasta Salad,,50,60,,,,,,
Can of Poultry Tarragon Pasta,,60,80,,,,,,
Bowl of Poultry Tarragon Pasta,,60,80,,,,,,
Bowl of Truffle Ravioli,,70,100,,,,,,
Plate of Frostgorge Clams,,70,100,,,,,,
Bowl of Salad a la Consortium,,,50,,,40,,,
Passion Fruit Coconut Cookie,,,60,,,50,,,
Canned Stuffed Artichoke with Tropical Dressing,,,80,,,60,,,
Stuffed Artichoke with Tropical Dressing,,,80,,,60,,,
Bowl of Tropical Mousse,,,100,,,70,,,
Bowl of Chocolate Tapioca Pudding,,,100,,,,,,70
Bowl of Refugee's Beet Soup,,,,,,,,,
Grumble Cake,,,,20,,,,,
Loaf of Bread,,,,20,,,,,
Buttermilk Biscuit,,,,20,,,,,
Handful of Bjarni's Rabbit Food,,,,20,,,,,
Cinnamon Pinwheel,,,,20,,,,,
Fried Banana Chips,,,,40,,,,,
Pact Ration,,,,150,,,,,
Order of Whispers Rations,,,,150,,,,,
Priory Rations,,,,150,,,,,
Vigil Rations,,,,150,,,,,
Loaf of Travelers Bread,,,,20,,,,,
Bowl of Dolyak Stew,,,,,,,,,
Loaf of Banana Bread,,,,30,,,,,
Loaf of Walnut Sticky Bread,,,,,,,,,
Curry Bun,,,,30,,,,,
Flatbread,,,,150,,,,,
Mushroom Loaf,70,,,100,,,,,
Loaf of Zucchini Bread,,,40,50,,,,,
Red Bean Cake,,,40,50,,,,,
Slice of Pumpkin Bread,,,50,60,,,,,
Loaf of Raspberry Peach Bread,,,60,80,,,,,
Can of Raspberry Peach Bread,,,60,80,,,,,
Loaf of Omnomberry Bread,,,70,100,,,,,
Bowl of Zesty Turnip Soup,,,,,,,,,
Soul Pastry,70,,,,,,,100,
Loaf of Candy Cactus Cornbread,,,70,,,,,100,
Bowl of Nopalitos Sauté,,,70,,,,,100,
Plate of Eggs Benedict,,,,,,,70,100,
Bowl of Green Chile Ice Cream,,,,,,,70,100,
Bowl of Carne Khan Chili,,,,,,,70,100,
Bowl of Firebreather Chili,,,,,,,70,100,
Grilled Mushroom,,,,,,,,,
Peeled Spikeroot Fruit,,,,,,,,,
Seared Beef Steak,,,,,,,,,
Jar of Juniberry Jam,,,,,,30,,,
Veggie Burger,,,,,,30,,,
Grilled Portobello Mushroom,,40,,,,50,,,
Bowl of Mushroom Risotto,,50,,,,60,,,
Can of Mushroom and Asparagus Risotto,,60,,,,80,,,
Bowl of Mushroom and Asparagus Risotto,,60,,,,80,,,
Bowl of Truffle Risotto,,70,,,,100,,,
Bowl of Creamy Portobello Soup,,,,40,,50,,,
Crab Food,,,,40,,50,,,
Bowl of Fancy Creamy Mushroom Soup,,,,50,,60,,,
Can of Snow Truffle Soup,,,,60,,80,,,
Bowl of Snow Truffle Soup,,,,60,,80,,,
Bowl of Orrian Truffle Soup,,,,70,,100,,,
Plate of Beef Rendang,,,,,,100,70,,
Bowl of Prickly Pear Tapioca Pudding,,,,,,100,,,70
Crunchy Firefly Snack,,,,,,,20,,
Petri Dish Delight,,,,,,,40,,
Cheese Pizza,,,,,,,20,,
Veggie Pizza,,,,,,,40,,
Prickly Pear Stuffed Nopal,70,,,,,,100,,
Bowl of Sweet and Spicy Beans,70,,,,,,100,,
Mushroom Pizza,,,,,,40,50,,
Blood Orange,,,,,,70,100,,
Fancy Veggie Pizza,,,,,,50,60,,
Bowl of Fly Soup,,,,,,50,60,,
Super Veggie Pizza,,,,,,60,80,,
Koi Cake,,,,,,70,100,,
Rare Veggie Pizza,,,,,,70,100,,
Bowl of Garlic Kale Sautee,,,,,,70,100,,
Red-Lentil Saobosa,,,,,,70,100,,
Prickly Pear Pie,,,,,,,100,,
Bowl of Cactus Fruit Salad,,,,,,,100,,
"Bowl of ""Elon Red""",,,70,,,,100,,
Flaming Fire Flakes,,70,,,,,,,
Bowl of Chili and Avocado,,40,,,,,,,
Bowl of Spiced Meat Chili,,50,,,,,,,
Can of Spicy Meat Chili,,60,,,,,,,
Bowl of Spicy Meat Chili,,60,,,,,,,
Bowl of Fire Meat Chili,,70,,,,,,,
Fishy Rice Bowl,,,,,,70,,,
Chocolate Cherry Cake,40,,,,,,,,
Orange Cake,50,,,,,,,,
Orange Coconut Cake,50,,,,,,,,
Canned Chocolate Raspberry Cake,60,,,,,,,,
Chocolate Raspberry Cake,60,,,,,,,,
Chocolate Omnomberry Cake,70,,,,,,,,
Deluxe Burger,,40,,,,,,,
Horseradish Burger,,50,,,,,,,
Boxed Spicy Cheeseburger,,60,,,,,,,
Spicy Cheeseburger,,60,,,,,,,
Fancy Truffle Burger,,70,,,,,,,
Bowl of Kimchi Tofu Stew,,,,,,70,,,
Meaty Asparagus Skewer,,,,,,70,,,
Meaty Rice Bowl,,,,,,70,,,
Plate of Kimchi Pancakes,,,,,,70,,,
Bowl of Basic Vegetable Soup,,,,,12,,,,
Bowl of Simple Bean Chili,,,,,12,,,,
Bowl of Prickly Pear Sorbet,,,,,100,,,,
Winterberry Sorbet,,,,,100,,,,
Plate of Roasted Cactus,,,,,100,,,,
Prototype Nutriment,,,,,,,,,
Blueberry Cookie,,,,,,,,,
Sugar Cookie,,,,,,,,,
Apple Passion Fruit Pie,,,,,,,,,
Delicious Cave Spore,,,,,,,,,
Strawberry Cookie,,,,,,,,,
Bowl of Front Line Stew,,,,,,,,,
Prismatic Soylent,,,,,,,,,
Passion Fruit Bar,,,,,,,,,
Delicious Rice Ball,,,,,,,,,100
Chocolate Chip Cookie,,40,,,,,,,
Murrellow Stimulant Snack,,40,,,,,,,
Candy Corn Cookie,,40,,,,,,,
Chocolate Mint Cookie,,50,,,,,,,
Chocolate Raspberry Cookie,,60,,,,,,,
Glazed Chocolate Raspberry Cookie,,60,,,,,,,
Boxed Chocolate Raspberry Cookie,,60,,,,,,,
Spicy Chocolate Cookie,,70,,,,,,,
Honeypot Ant,,,,70,,,,,100
Cherry Cookie,,,,40,,,,,
Blackberry Cookie,,,,50,,,,,
Peach Cookie,,,,60,,,,,
Boxed Peach Cookie,,,,60,,,,,
Omnomberry Cookie,,,,70,,,,,
Gummy Wurms,,,,,,70,,,
Cherry Passion Fruit Cake,,,,,,40,,,50
Orange Passion Fruit Tart,,,,,,50,,,
Canned Raspberry Passion Fruit Compote,,,,,,60,,,
Raspberry Passion Fruit Compote,,,,,,60,,,
Bowl of Tropical Fruit Salad,,,,,,70,,,
Bowl of Poultry Satay,,,,,,,,70,
Bowl of Herbed Poultry Stock,,,,,,,,,
Bowl of Kale and Poultry Soup,,,,,,,,,
Bowl of Hearty Poultry Soup,,,,,,,,,
Bowl of Poultry and Winter Vegetable Soup,,,,,,,,,
Can of Hearty Poultry Soup,,,,,,,,,
Bowl of Saffron-scented Poultry Soup,,,,,,,,,
Bowl of Chocolate Chip Ice Cream,,,,,,,,,20
Bowl of Candy Corn Ice Cream,,,,,,,,,20
Bowl of Blueberry Chocolate Chunk Ice Cream,,,,,,,,,30
Bowl of Ginger-Lime Ice Cream,,,40,,,,,,50
Bowl of Mint Chocolate Chip Ice Cream,,,50,,,,,,60
Bowl of Peach Raspberry Swirl Ice Cream,,,60,,,,,,80
Kralkachocolate Bar,,,70,,,,,,100
Bowl of Saffron-Mango Ice Cream,,,70,,,,,,100
Whitefish Sushi,,,,,,,,,
Yellowfish Sushi,,,,,,,,,
Orangefish Sushi,,,,,,,,,
Redfish Sushi,,,,,,,,,
Bowl of Fish Stew,,,,70,,,,,
Bowl of Echovald Hotpot,,,,,,100,70,,
Bowl of Jade Sea Bounty,100,,,,70,,,,
Flight of Sushi,,,,,,,,,
Plate of Crispy Fish Pancakes,,,70,100,,,,,
Plate of Imperial Palace Special,,,,,,,,70,100
Cherry Tart,40,,,,,,,,
Ginger Pear Tart,50,,,,,,,,
Glazed Pear Tart,50,,,,,,,,
Peach Tart,60,,,,,,,,
Canned Peach Tart,60,,,,,,,,
Glazed Peach Tart,60,,,,,,,,
Dragonfly Cupcake,70,,,,,,,,
Omnomberry Tart,70,,,,,,,,
Chocolate Cherry,,,,,,,,50,
Chocolate Orange,,,,,,,,60,
Chocolate Raspberry Cream,,,,,,,,80,
Boxed Chocolate Raspberry Cream,,,,,,,,80,
Chocolate Omnomberry Cream,,,,,,,,100,
Yam Fritter,,,,,,40,,,
Chickpea Fritter,,,,,,50,,,
Eggplant Fritter,,,,,,60,,,
Canned Eggplant Fritter,,,,,,60,,,
Cup of Lotus Fries,,,,,,70,,,
Spicy Pumpkin Cookie,,,,,,70,,,
Cake Shot (effect),,,,,,,,,
Dragon's Revelry Starcake,,,,,,,,,
Can of Stewed Oysters,60,,,,,,,,
Fried Oyster Sandwich,70,,,,,,,,
Oysters with Cocktail Sauce,,70,,,,,,,
Bowl of Lemongrass Mussel Pasta,,,70,,,,,,
Bowl of Mussel Soup,,,,70,,,,,
Plate of Mussels Gnashblade,,,,,,,,70,
Oysters with Spicy Sauce,,,,,,70,,,
Oysters Gnashblade,,,,,,,70,,
Oysters with Zesty Sauce,,,,,70,,,,
Oysters with Pesto Sauce,,,,,,,,,70
Plate of Peppercorn-Spiced Coq Au Vin,100,70,,,,,,,
Mists-Infused Peppercorn-Crusted Sous-Vide Steak,100,,,,70,,,,
Peppercorn-Crusted Sous-Vide Steak,100,,,,70,,,,
Plate of Peppered Clear Truffle Ravioli,,,70,100,,,,,
Plate of Peppercorn-Spiced Beef Carpaccio,70,,,,,,,100,
Plate of Peppercorn-Spiced Poultry Aspic,,,70,,,,,100,
Peppercorn-Spiced Eggs Benedict,,,,,,,70,100,
Spiced Pepper Creme Brulee,,,,,,,,100,70
Spiced Peppercorn Cheesecake,,,,,,,,100,
Peppered Cured Meat Flatbread,,,,,,100,70,,
Peppercorn and Veggie Flatbread,,,,,,70,100,,
Bowl of Spiced Fruit Salad,,,,,,,,70,100
Spherified Peppercorn-Spiced Oyster Soup,,,,,,,,,
Mists-Infused Spherified Peppercorn-Spiced Oyster Soup,,,,,,,,,
Bowl of Dilled Clam Chowder,,,,40,,,,,
Bowl of Chickpea and Poultry Soup,,,,50,,,,,
Bowl of Poultry and Leek Soup,,,,60,,,,,
Can of Poultry and Leek Soup,,,,60,,,,,
Bowl of Lemongrass Poultry Soup,,,,70,,,,,
Quiche of Darkness,,,,70,,,,,
Sweet Bean Bun,,,,,,,70,,
Plate of Clove-Spiced Coq Au Vin,100,70,,,,,,,
Mushroom Clove Sous-Vide Steak,100,,,,70,,,,
Plate of Clove-Spiced Clear Truffle Ravioli,,,70,100,,,,,
Plate of Clove-Spiced Beef Carpaccio,70,,,,,,,100,
Plate of Clove-Spiced Poultry Aspic,,,70,,,,,100,
Clove-Spiced Eggs Benedict,,,,,,,70,100,
Clove-Spiced Creme Brulee,,,,,,,,100,70
Orange Clove Cheesecake,,,,,,,,100,
Clove-Spiced Pear and Cured Meat Flatbread,,,,,,100,70,,
Clove and Veggie Flatbread,,,,,,70,100,,
Bowl of Fruit Salad with Orange-Clove Syrup,,,,,,,,70,100
Spherified Clove-Spiced Oyster Soup,,,,,,,,,
Mashed Purple Potatoes,,,70,,,,,,
Bowl of Mashed Yams,,,40,,,,,,
Bowl of Spiced Mashed Yams,,,40,,,,,,
Roasted Rutabaga,,,50,,,,,,
Roasted Parsnip,,,60,,,,,,
Bowl of Roasted Lotus Root,,,70,,,,,,
Rock Candy,,,70,,,,,,
Slice of Vigil Hard Tack,,,,50,,,,,
Standard Pact Ration,,,,60,,,,,
Glazed Pumpkin Pie,,,,50,,,,,
Tropical Peppermint Cake,,,,70,,,,,
Bowl of Red Lentil Soup,,,,,,70,,,
Plate of Sesame-Crusted Coq Au Vin,100,70,,,,,,,
Soy-Sesame Sous-Vide Steak,100,,,,70,,,,
Plate of Clear Truffle and Sesame Ravioli,,,70,100,,,,,
Plate of Sesame-Ginger Beef Carpaccio,70,,,,,,,100,
Plate of Sesame Poultry Aspic,,,70,,,,,100,
Sesame Eggs Benedict,,,,,,,70,100,
Sesame Creme Brulee,,,,,,,,100,70
Sesame Cheesecake,,,,,,,,100,
Sesame-Asparagus and Cured Meat Flatbread,,,,,,100,70,,
Sesame Veggie Flatbread,,,,,,70,100,,
Bowl of Sesame Fruit Salad,,,,,,,,70,100
Spherified Sesame Oyster Soup,,,,,,,,,
Plate of Coq Au Vin with Mint Garnish,100,70,,,,,,,
Sous-Vide Steak with Mint-Parsley Sauce,100,,,,70,,,,
Plate of Clear Truffle and Mint Ravioli,,,70,100,,,,,
Plate of Beef Carpaccio with Mint Garnish,70,,,,,,,100,
Plate of Poultry Aspic with Mint Garnish,,,70,,,,,100,
Eggs Benedict with Mint-Parsley Sauce,,,,,,,70,100,
Mint Creme Brulee,,,,,,,,100,70
Mint Strawberry Cheesecake,,,,,,,,100,
Mint-Pear Cured Meat Flatbread,,,,,,100,70,,
Mint and Veggie Flatbread,,,,,,70,100,,
Bowl of Mists-Infused Fruit Salad with Mint Garnish,,,,,,,,70,100
Bowl of Fruit Salad with Mint Garnish,,,,,,,,70,100
Spherified Oyster Soup with Mint Garnish,,,,,,,,,
Indigo Mushroom Milkshake,,70,,,,,,,
Cherry Pie,,40,,,,,,,
Blackberry Pie,,50,,,,,,,
Canned Mixed Berry Pie,,60,,,,,,,
Mixed Berry Pie,,60,,,,,,,
Slice of Candied Dragon Roll,,70,,,,,,,
Omnomberry Pie,,70,,,,,,,
Scoop of Mintberry Swirl Ice Cream,,70,,,,,,,
Omnomberry Ghost,,70,,,,,,,
Winterberry Pie,,70,,,,,,,
Slice of Allspice Cake,70,,,,,,,,
Slice of Allspice Cake with Ice Cream,,,,,,70,,,
Plate of Coq Au Vin with Salsa,100,70,,,,,,,
Cilantro Lime Sous-Vide Steak,100,,,,70,,,,
Plate of Clear Truffle and Cilantro Ravioli,,,70,100,,,,,
Plate of Beef Carpaccio with Salsa Garnish,70,,,,,,,100,
Plate of Poultry Aspic with Salsa Garnish,,,70,,,,,100,
Salsa Eggs Benedict,,,,,,,70,100,
Mango Cilantro Creme Brulee,,,,,,,,100,70
Strawberry Cilantro Cheesecake,,,,,,,,100,
Cilantro and Cured Meat Flatbread,,,,,,100,70,,
Salsa-Topped Veggie Flatbread,,,,,,70,100,,
Bowl of Fruit Salad with Cilantro Garnish,,,,,,,,70,100
Spherified Cilantro Oyster Soup,,,,,,,,,
Plate of Sugar Rib Roast,,,,,,,,,
Fried Golden Dumpling,,,,,,,,100,
Bowl of Prickly Pear Sorbet,,,,,100,,,,
Winterberry Sorbet,,,,,100,,,,
Plate of Roasted Cactus,,,,,100,,,,
Bowl of Marjory's Experimental Chili,50,,,,,,,,
Jerk Poultry and Nopal Flatbread Sandwich,,70,,,,,,,
Bowl of Tapioca Pudding,,,,,,,,,
Cheesy Cassava Roll,,,,,,,,,70
Plate of Mushrooms Yakkington,70,,,,,,,,
Bowl of Avocado Stirfry,50,,,,,,,,
Bowl of Eggplant Stirfry,60,,,,,,,,
Can of Eggplant Stir-Fry,60,,,,,,,,
Bowl of Lotus Stirfry,70,,,,,,,,
Bowl of Sauteed Zucchini with Nutmeg,,,,,40,,,,
Handful of Trail Mix,,,,,40,,,,
Egg in a Cloud,,,,,70,,,,
Bowl of Cauliflower Sautee,,,,,50,,,,
Bowl of Eggplant Sautee,,,,,60,,,,
Can of Eggplant Saute,,,,,60,,,,
Bowl of Truffle Sautee,,,,,70,,,,
Bowl of Cherry Vanilla Compote,,,,,,,,,
Bowl of Blackberry Pear Compote,,,,,,,,,
Raspberry Peach Compote,,,,,,,,,
Mined Edible Root,,,,,,,,,
Canned Raspberry Peach Compote,,,,,,,,,
Omnomberry Compote,,,,,,,,,
Spring Roll,,,,,,,,,
Moa Haunch,,,,,,,,,
Spicy Meat Kabob,,,,,,,,,
Piece of Undersea Wurm Sushi,,,,,,,,,
Griffon Egg,,,,,,,,,
Pepper Steak Dinner,,,,,,,,,
Chef's Tasting Platter,,50,,,,50,,,
Sesame-Roasted Dinner,,,,,40,,,,
Plate of Coriander Crusted Meat Dinner,,,,,50,,,,
Can of Steak and Asparagus Dinner,,,,,60,,,,
Plate of Steak and Asparagus Dinner,,,,,60,,,,
Dragon's Breath Bun,,,,,70,,,,
Plate of Truffle Steak Dinner,,,,,70,,,,
Carrot Soufflé,,,,,70,,,,
Jerk Poultry Flatbread Sandwich,,,,,,,,,
Steamed Red Dumpling,,,,,,,,,
Block of Tofu,,70,,,,,,,
Piece of Orrian Sea Urchin Roe Sushi,,70,,,,,,,
Marinated Mushroom,,,,,,,,,
Magical Fruit,,,,,,,,,
Karka Cake,,70,,,,,,,
Sage-Stuffed Mushroom,,,,,,,,,
Triktiki Omelet,,40,,,,,,,
Divinity Stuffed Mushroom,,40,,,,,,,
Bowl of Tasty Wurm Stew,,50,,,,,,,
Eztlitl Stuffed Mushroom,,50,,,,,,,
Spicy Stuffed Mushroom,,60,,,,,,,
Canned Spicy Stuffed Mushroom,,60,,,,,,,
Karka Egg Omelet,,70,,,,,,,
Saffron Stuffed Mushroom,,70,,,,,,,
Plate of Sweet Curried Mussels,,,,,70,,,,
Bowl of Spiced Red Lentil Stew,,,70,,,,,,
Grilled Poultry,,,,20,,,,,
Strip of Boar Jerky,,,,20,,,,,
Quaggan Fish Snack,,,,20,,,,,
Poultry Piccata,,,,20,,,,,
Fish Steak,,,,30,,,,,
Strip of Venison Jerky,,,,30,,,,,
Sage-Stuffed Poultry,,,,30,,,,,
Dilled Poultry Piccata,,,,50,,,,,
Crab Cake,,,,60,,,,,
Plate of Citrus Poultry with Almonds,,,,60,,,,,
Tarragon Stuffed Poultry,,,,80,,,,,
Canned Tarragon Stuffed Poultry,,,,80,,,,,
Icy Fish Snack,,,,80,,,,,
Dragonfish Candy,,,,100,,,,,
Plate of Lemongrass Poultry,,,,100,,,,,
Cup of Light-Roasted Coffee,,70,,,,,,,
